CODIGO;NOMBRE
1.1;FAENAS FORESTALES
1.2;FAENAS AGRÍCOLAS Y PECUARIAS
1.3;CONFECCIÓN Y/O EXTRACCIÓN PRODUCTOS SECUNDARIOS DEL BOSQUE
1.4;ACTIVIDADES RECREATIVAS
1.5;OPERACIONES EN VÍAS FÉRREAS
1.6;ACTIVIDADES EXTINCIÓN INCENDIOS FORESTALES , INCENDIOS ESTRUCTURALES U OTROS
1.7;TRÁNSITO DE PERSONAS, VEHÍCULOS O AERONAVES
1.8;QUEMA DE DESECHOS
1.9;ACCIDENTES ELÉCTRICOS
1.10;OTRAS ACTIVIDADES
2.1;INCENDIOS INTENCIONALES
3.1;INCENDIOS NATURALES
4.1;INCENDIOS DE CAUSA DESCONOCIDA
